[{"productID":4,"supplierID":2,"categoryID":2,"quantityPerUnit":"48 - 6 oz jars","unitPrice":22,"unitsInStock":53,"unitsOnOrder":0,"reorderLevel":0,"discontinued":false,"name":"Chef Anton's Cajun Seasoning"},{"productID":5,"supplierID":2,"categoryID":2,"quantityPerUnit":"36 boxes","unitPrice":21.35,"unitsInStock":0,"unitsOnOrder":0,"reorderLevel":0,"discontinued":true,"name":"Chef Anton's Gumbo Mix"},{"productID":6,"supplierID":3,"categoryID":2,"quantityPerUnit":"12 - 8 oz jars","unitPrice":25,"unitsInStock":120,"unitsOnOrder":0,"reorderLevel":25,"discontinued":false,"name":"Grandma's Boysenberry Spread"},{"productID":7,"supplierID":3,"categoryID":7,"quantityPerUnit":"12 - 1 lb pkgs.","unitPrice":30,"unitsInStock":15,"unitsOnOrder":0,"reorderLevel":10,"discontinued":false,"name":"Uncle Bob's Organic Dried Pears"},{"productID":8,"supplierID":3,"categoryID":2,"quantityPerUnit":"12 - 12 oz jars","unitPrice":40,"unitsInStock":6,"unitsOnOrder":0,"reorderLevel":0,"discontinued":false,"name":"Northwoods Cranberry Sauce"},{"productID":9,"supplierID":4,"categoryID":6,"quantityPerUnit":"18 - 500 g pkgs.","unitPrice":97,"unitsInStock":29,"unitsOnOrder":0,"reorderLevel":0,"discontinued":true,"name":"Mishi Kobe Niku"},{"productID":10,"supplierID":4,"categoryID":8,"quantityPerUnit":"12 - 200 ml jars","unitPrice":31,"unitsInStock":31,"unitsOnOrder":0,"reorderLevel":0,"discontinued":false,"name":"Ikura"},{"productID":2,"supplierID":1,"categoryID":1,"quantityPerUnit":"24 - 12 oz bottles","unitPrice":19,"unitsInStock":17,"unitsOnOrder":40,"reorderLevel":25,"discontinued":false,"name":"Chang"},{"productID":3,"supplierID":1,"categoryID":2,"quantityPerUnit":"12 - 550 ml bottles","unitPrice":10,"unitsInStock":13,"unitsOnOrder":70,"reorderLevel":25,"discontinued":false,"name":"Aniseed Syrup"},{"productID":11,"supplierID":5,"categoryID":4,"quantityPerUnit":"1 kg pkg.","unitPrice":21,"unitsInStock":22,"unitsOnOrder":30,"reorderLevel":30,"discontinued":false,"name":"Queso Cabrales"},{"productID":12,"supplierID":5,"categoryID":4,"quantityPerUnit":"10 - 500 g pkgs.","unitPrice":38,"unitsInStock":86,"unitsOnOrder":0,"reorderLevel":0,"discontinued":false,"name":"Queso Manchego La Pastora"},{"productID":13,"supplierID":6,"categoryID":8,"quantityPerUnit":"2 kg box","unitPrice":6,"unitsInStock":24,"unitsOnOrder":0,"reorderLevel":5,"discontinued":false,"name":"Konbu"},{"productID":14,"supplierID":6,"categoryID":7,"quantityPerUnit":"40 - 100 g pkgs.","unitPrice":23.25,"unitsInStock":35,"unitsOnOrder":0,"reorderLevel":0,"discontinued":false,"name":"Tofu"},{"productID":15,"supplierID":6,"categoryID":2,"quantityPerUnit":"24 - 250 ml bottles","unitPrice":15.5,"unitsInStock":39,"unitsOnOrder":0,"reorderLevel":5,"discontinued":false,"name":"Genen Shouyu"},{"productID":1,"supplierID":1,"categoryID":1,"quantityPerUnit":"10 boxes x 20 bags","unitPrice":18,"unitsInStock":39,"unitsOnOrder":0,"reorderLevel":10,"discontinued":false,"name":"Chai"},{"productID":16,"supplierID":7,"categoryID":3,"quantityPerUnit":"32 - 500 g boxes","unitPrice":17.45,"unitsInStock":29,"unitsOnOrder":0,"reorderLevel":10,"discontinued":false,"name":"Pavlova"},{"productID":17,"supplierID":7,"categoryID":6,"quantityPerUnit":"20 - 1 kg tins","unitPrice":39,"unitsInStock":0,"unitsOnOrder":0,"reorderLevel":0,"discontinued":true,"name":"Alice Mutton"},{"productID":18,"supplierID":7,"categoryID":8,"quantityPerUnit":"16 kg pkg.","unitPrice":62.5,"unitsInStock":42,"unitsOnOrder":0,"reorderLevel":0,"discontinued":false,"name":"Carnarvon Tigers"},{"productID":19,"supplierID":8,"categoryID":3,"quantityPerUnit":"10 boxes x 12 pieces","unitPrice":9.2,"unitsInStock":25,"unitsOnOrder":0,"reorderLevel":5,"discontinued":false,"name":"Teatime Chocolate Biscuits"},{"productID":20,"supplierID":8,"categoryID":3,"quantityPerUnit":"30 gift boxes","unitPrice":81,"unitsInStock":40,"unitsOnOrder":0,"reorderLevel":0,"discontinued":false,"name":"Sir Rodney's Marmalade"},{"productID":24,"supplierID":10,"categoryID":1,"quantityPerUnit":"12 - 355 ml cans","unitPrice":4.5,"unitsInStock":20,"unitsOnOrder":0,"reorderLevel":0,"discontinued":true,"name":"Guaraná Fantástica"},{"productID":25,"supplierID":11,"categoryID":3,"quantityPerUnit":"20 - 450 g glasses","unitPrice":14,"unitsInStock":76,"unitsOnOrder":0,"reorderLevel":30,"discontinued":false,"name":"NuNuCa Nuß-Nougat-Creme"},{"productID":26,"supplierID":11,"categoryID":3,"quantityPerUnit":"100 - 250 g bags","unitPrice":31.23,"unitsInStock":15,"unitsOnOrder":0,"reorderLevel":0,"discontinued":false,"name":"Gumbär Gummibärchen"},{"productID":27,"supplierID":11,"categoryID":3,"quantityPerUnit":"100 - 100 g pieces","unitPrice":43.9,"unitsInStock":49,"unitsOnOrder":0,"reorderLevel":30,"discontinued":false,"name":"Schoggi Schokolade"},{"productID":28,"supplierID":12,"categoryID":7,"quantityPerUnit":"25 - 825 g cans","unitPrice":45.6,"unitsInStock":26,"unitsOnOrder":0,"reorderLevel":0,"discontinued":true,"name":"Rössle Sauerkraut"},{"productID":29,"supplierID":12,"categoryID":6,"quantityPerUnit":"50 bags x 30 sausgs.","unitPrice":123.79,"unitsInStock":0,"unitsOnOrder":0,"reorderLevel":0,"discontinued":true,"name":"Thüringer Rostbratwurst"},{"productID":30,"supplierID":13,"categoryID":8,"quantityPerUnit":"10 - 200 g glasses","unitPrice":25.89,"unitsInStock":10,"unitsOnOrder":0,"reorderLevel":15,"discontinued":false,"name":"Nord-Ost Matjeshering"},{"productID":31,"supplierID":14,"categoryID":4,"quantityPerUnit":"12 - 100 g pkgs","unitPrice":12.5,"unitsInStock":0,"unitsOnOrder":70,"reorderLevel":20,"discontinued":false,"name":"Gorgonzola Telino"},{"productID":32,"supplierID":14,"categoryID":4,"quantityPerUnit":"24 - 200 g pkgs.","unitPrice":32,"unitsInStock":9,"unitsOnOrder":40,"reorderLevel":25,"discontinued":false,"name":"Mascarpone Fabioli"},{"productID":33,"supplierID":15,"categoryID":4,"quantityPerUnit":"500 g","unitPrice":2.5,"unitsInStock":112,"unitsOnOrder":0,"reorderLevel":20,"discontinued":false,"name":"Geitost"},{"productID":34,"supplierID":16,"categoryID":1,"quantityPerUnit":"24 - 12 oz bottles","unitPrice":14,"unitsInStock":111,"unitsOnOrder":0,"reorderLevel":15,"discontinued":false,"name":"Sasquatch Ale"},{"productID":22,"supplierID":9,"categoryID":5,"quantityPerUnit":"24 - 500 g pkgs.","unitPrice":21,"unitsInStock":104,"unitsOnOrder":0,"reorderLevel":25,"discontinued":false,"name":"Gustaf's Knäckebröd"},{"productID":21,"supplierID":8,"categoryID":3,"quantityPerUnit":"24 pkgs. x 4 pieces","unitPrice":10,"unitsInStock":3,"unitsOnOrder":40,"reorderLevel":5,"discontinued":false,"name":"Sir Rodney's Scones"},{"productID":35,"supplierID":16,"categoryID":1,"quantityPerUnit":"24 - 12 oz bottles","unitPrice":18,"unitsInStock":20,"unitsOnOrder":0,"reorderLevel":15,"discontinued":false,"name":"Steeleye Stout"},{"productID":23,"supplierID":9,"categoryID":5,"quantityPerUnit":"12 - 250 g pkgs.","unitPrice":9,"unitsInStock":61,"unitsOnOrder":0,"reorderLevel":25,"discontinued":false,"name":"Tunnbröd"},{"productID":37,"supplierID":17,"categoryID":8,"quantityPerUnit":"12 - 500 g pkgs.","unitPrice":26,"unitsInStock":11,"unitsOnOrder":50,"reorderLevel":25,"discontinued":false,"name":"Gravad lax"},{"productID":40,"supplierID":19,"categoryID":8,"quantityPerUnit":"24 - 4 oz tins","unitPrice":18.4,"unitsInStock":123,"unitsOnOrder":0,"reorderLevel":30,"discontinued":false,"name":"Boston Crab Meat"},{"productID":38,"supplierID":18,"categoryID":1,"quantityPerUnit":"12 - 75 cl bottles","unitPrice":263.5,"unitsInStock":17,"unitsOnOrder":0,"reorderLevel":15,"discontinued":false,"name":"Côte de Blaye"},{"productID":36,"supplierID":17,"categoryID":8,"quantityPerUnit":"24 - 250 g  jars","unitPrice":19,"unitsInStock":112,"unitsOnOrder":0,"reorderLevel":20,"discontinued":false,"name":"Inlagd Sill"},{"productID":41,"supplierID":19,"categoryID":8,"quantityPerUnit":"12 - 12 oz cans","unitPrice":9.65,"unitsInStock":85,"unitsOnOrder":0,"reorderLevel":10,"discontinued":false,"name":"Jack's New England Clam Chowder"},{"productID":43,"supplierID":20,"categoryID":1,"quantityPerUnit":"16 - 500 g tins","unitPrice":46,"unitsInStock":17,"unitsOnOrder":10,"reorderLevel":25,"discontinued":false,"name":"Ipoh Coffee"},{"productID":42,"supplierID":20,"categoryID":5,"quantityPerUnit":"32 - 1 kg pkgs.","unitPrice":14,"unitsInStock":26,"unitsOnOrder":0,"reorderLevel":0,"discontinued":true,"name":"Singaporean Hokkien Fried Mee"},{"productID":46,"supplierID":21,"categoryID":8,"quantityPerUnit":"4 - 450 g glasses","unitPrice":12,"unitsInStock":95,"unitsOnOrder":0,"reorderLevel":0,"discontinued":false,"name":"Spegesild"},{"productID":47,"supplierID":22,"categoryID":3,"quantityPerUnit":"10 - 4 oz boxes","unitPrice":9.5,"unitsInStock":36,"unitsOnOrder":0,"reorderLevel":0,"discontinued":false,"name":"Zaanse koeken"},{"productID":48,"supplierID":22,"categoryID":3,"quantityPerUnit":"10 pkgs.","unitPrice":12.75,"unitsInStock":15,"unitsOnOrder":70,"reorderLevel":25,"discontinued":false,"name":"Chocolade"},{"productID":49,"supplierID":23,"categoryID":3,"quantityPerUnit":"24 - 50 g pkgs.","unitPrice":20,"unitsInStock":10,"unitsOnOrder":60,"reorderLevel":15,"discontinued":false,"name":"Maxilaku"},{"productID":50,"supplierID":23,"categoryID":3,"quantityPerUnit":"12 - 100 g bars","unitPrice":16.25,"unitsInStock":65,"unitsOnOrder":0,"reorderLevel":30,"discontinued":false,"name":"Valkoinen suklaa"},{"productID":51,"supplierID":24,"categoryID":7,"quantityPerUnit":"50 - 300 g pkgs.","unitPrice":53,"unitsInStock":20,"unitsOnOrder":0,"reorderLevel":10,"discontinued":false,"name":"Manjimup Dried Apples"},{"productID":52,"supplierID":24,"categoryID":5,"quantityPerUnit":"16 - 2 kg boxes","unitPrice":7,"unitsInStock":38,"unitsOnOrder":0,"reorderLevel":25,"discontinued":false,"name":"Filo Mix"},{"productID":53,"supplierID":24,"categoryID":6,"quantityPerUnit":"48 pieces","unitPrice":32.8,"unitsInStock":0,"unitsOnOrder":0,"reorderLevel":0,"discontinued":true,"name":"Perth Pasties"},{"productID":54,"supplierID":25,"categoryID":6,"quantityPerUnit":"16 pies","unitPrice":7.45,"unitsInStock":21,"unitsOnOrder":0,"reorderLevel":10,"discontinued":false,"name":"Tourtière"},{"productID":55,"supplierID":25,"categoryID":6,"quantityPerUnit":"24 boxes x 2 pies","unitPrice":24,"unitsInStock":115,"unitsOnOrder":0,"reorderLevel":20,"discontinued":false,"name":"Pâté chinois"},{"productID":56,"supplierID":26,"categoryID":5,"quantityPerUnit":"24 - 250 g pkgs.","unitPrice":38,"unitsInStock":21,"unitsOnOrder":10,"reorderLevel":30,"discontinued":false,"name":"Gnocchi di nonna Alice"},{"productID":57,"supplierID":26,"categoryID":5,"quantityPerUnit":"24 - 250 g pkgs.","unitPrice":19.5,"unitsInStock":36,"unitsOnOrder":0,"reorderLevel":20,"discontinued":false,"name":"Ravioli Angelo"},{"productID":44,"supplierID":20,"categoryID":2,"quantityPerUnit":"20 - 2 kg bags","unitPrice":19.45,"unitsInStock":27,"unitsOnOrder":0,"reorderLevel":15,"discontinued":false,"name":"Gula Malacca"},{"productID":39,"supplierID":18,"categoryID":1,"quantityPerUnit":"750 cc per bottle","unitPrice":18,"unitsInStock":69,"unitsOnOrder":0,"reorderLevel":5,"discontinued":false,"name":"Chartreuse verte"},{"productID":59,"supplierID":28,"categoryID":4,"quantityPerUnit":"5 kg pkg.","unitPrice":55,"unitsInStock":79,"unitsOnOrder":0,"reorderLevel":0,"discontinued":false,"name":"Raclette Courdavault"},{"productID":60,"supplierID":28,"categoryID":4,"quantityPerUnit":"15 - 300 g rounds","unitPrice":34,"unitsInStock":19,"unitsOnOrder":0,"reorderLevel":0,"discontinued":false,"name":"Camembert Pierrot"},{"productID":45,"supplierID":21,"categoryID":8,"quantityPerUnit":"1k pkg.","unitPrice":9.5,"unitsInStock":5,"unitsOnOrder":70,"reorderLevel":15,"discontinued":false,"name":"Rogede sild"},{"productID":58,"supplierID":27,"categoryID":8,"quantityPerUnit":"24 pieces","unitPrice":13.25,"unitsInStock":62,"unitsOnOrder":0,"reorderLevel":20,"discontinued":false,"name":"Escargots de Bourgogne"},{"productID":61,"supplierID":29,"categoryID":2,"quantityPerUnit":"24 - 500 ml bottles","unitPrice":28.5,"unitsInStock":113,"unitsOnOrder":0,"reorderLevel":25,"discontinued":false,"name":"Sirop d'érable"},{"productID":62,"supplierID":29,"categoryID":3,"quantityPerUnit":"48 pies","unitPrice":49.3,"unitsInStock":17,"unitsOnOrder":0,"reorderLevel":0,"discontinued":false,"name":"Tarte au sucre"},{"productID":63,"supplierID":7,"categoryID":2,"quantityPerUnit":"15 - 625 g jars","unitPrice":43.9,"unitsInStock":24,"unitsOnOrder":0,"reorderLevel":5,"discontinued":false,"name":"Vegie-spread"},{"productID":64,"supplierID":12,"categoryID":5,"quantityPerUnit":"20 bags x 4 pieces","unitPrice":33.25,"unitsInStock":22,"unitsOnOrder":80,"reorderLevel":30,"discontinued":false,"name":"Wimmers gute Semmelknödel"},{"productID":65,"supplierID":2,"categoryID":2,"quantityPerUnit":"32 - 8 oz bottles","unitPrice":21.05,"unitsInStock":76,"unitsOnOrder":0,"reorderLevel":0,"discontinued":false,"name":"Louisiana Fiery Hot Pepper Sauce"},{"productID":66,"supplierID":2,"categoryID":2,"quantityPerUnit":"24 - 8 oz jars","unitPrice":17,"unitsInStock":4,"unitsOnOrder":100,"reorderLevel":20,"discontinued":false,"name":"Louisiana Hot Spiced Okra"},{"productID":67,"supplierID":16,"categoryID":1,"quantityPerUnit":"24 - 12 oz bottles","unitPrice":14,"unitsInStock":52,"unitsOnOrder":0,"reorderLevel":10,"discontinued":false,"name":"Laughing Lumberjack Lager"},{"productID":68,"supplierID":8,"categoryID":3,"quantityPerUnit":"10 boxes x 8 pieces","unitPrice":12.5,"unitsInStock":6,"unitsOnOrder":10,"reorderLevel":15,"discontinued":false,"name":"Scottish Longbreads"},{"productID":70,"supplierID":7,"categoryID":1,"quantityPerUnit":"24 - 355 ml bottles","unitPrice":15,"unitsInStock":15,"unitsOnOrder":10,"reorderLevel":30,"discontinued":false,"name":"Outback Lager"},{"productID":71,"supplierID":15,"categoryID":4,"quantityPerUnit":"10 - 500 g pkgs.","unitPrice":21.5,"unitsInStock":26,"unitsOnOrder":0,"reorderLevel":0,"discontinued":false,"name":"Flotemysost"},{"productID":73,"supplierID":17,"categoryID":8,"quantityPerUnit":"24 - 150 g jars","unitPrice":15,"unitsInStock":101,"unitsOnOrder":0,"reorderLevel":5,"discontinued":false,"name":"Röd Kaviar"},{"productID":74,"supplierID":4,"categoryID":7,"quantityPerUnit":"5 kg pkg.","unitPrice":10,"unitsInStock":4,"unitsOnOrder":20,"reorderLevel":5,"discontinued":false,"name":"Longlife Tofu"},{"productID":75,"supplierID":12,"categoryID":1,"quantityPerUnit":"24 - 0.5 l bottles","unitPrice":7.75,"unitsInStock":125,"unitsOnOrder":0,"reorderLevel":25,"discontinued":false,"name":"Rhönbräu Klosterbier"},{"productID":76,"supplierID":23,"categoryID":1,"quantityPerUnit":"500 ml","unitPrice":18,"unitsInStock":57,"unitsOnOrder":0,"reorderLevel":20,"discontinued":false,"name":"Lakkalikööri"},{"productID":69,"supplierID":15,"categoryID":4,"quantityPerUnit":"10 kg pkg.","unitPrice":36,"unitsInStock":26,"unitsOnOrder":0,"reorderLevel":15,"discontinued":false,"name":"Gudbrandsdalsost"},{"productID":72,"supplierID":14,"categoryID":4,"quantityPerUnit":"24 - 200 g pkgs.","unitPrice":34.8,"unitsInStock":14,"unitsOnOrder":0,"reorderLevel":0,"discontinued":false,"name":"Mozzarella di Giovanni"},{"productID":77,"supplierID":12,"categoryID":2,"quantityPerUnit":"12 boxes","unitPrice":13,"unitsInStock":32,"unitsOnOrder":0,"reorderLevel":15,"discontinued":false,"name":"Original Frankfurter grüne Soße"}]