[{"title":"Antelope Canyon, United States","image_url":"https://images.unsplash.com/photo-1505521377774-103a8cc2f735?ixid=MnwxMjA3fDB8MHxzZWFyY2h8MTU3fHxuYXR1cmV8ZW58MHx8MHx8&ixlib=rb-1.2.1&auto=format&fit=crop&w=800&q=60"},{"title":"Dolomites, Italy","image_url":"https://images.unsplash.com/photo-1536859975388-b5e6623e9223?ixid=MnwxMjA3fDB8MHxwaG90by1wYWdlfHx8fGVufDB8fHx8&ixlib=rb-1.2.1&auto=format&fit=crop&w=934&q=80"},{"title":"Poipu Beach, Koloa, United States","image_url":"https://images.unsplash.com/photo-1458966480358-a0ac42de0a7a?ixid=MnwxMjA3fDB8MHxwaG90by1wYWdlfHx8fGVufDB8fHx8&ixlib=rb-1.2.1&auto=format&fit=crop&w=1950&q=80"},{"title":"Australia, New South Wales, Sydney","image_url":"https://images.unsplash.com/photo-1422493757035-1e5e03968f95?ixid=MnwxMjA3fDB8MHxwaG90by1wYWdlfHx8fGVufDB8fHx8&ixlib=rb-1.2.1&auto=format&fit=crop&w=2510&q=80"},{"title":"Seljalandsfoss Waterfall, Iceland","image_url":"https://images.unsplash.com/photo-1476610182048-b716b8518aae?ixid=MnwxMjA3fDB8MHxzZWFyY2h8MTk0fHxuYXR1cmV8ZW58MHx8MHx8&ixlib=rb-1.2.1&auto=format&fit=crop&w=800&q=60"},{"title":"Cima d'Asta, Scurelle, Italy","image_url":"https://images.unsplash.com/photo-1419242902214-272b3f66ee7a?ixid=MnwxMjA3fDB8MHxwaG90by1wYWdlfHx8fGVufDB8fHx8&ixlib=rb-1.2.1&auto=format&fit=crop&w=1987&q=80"},{"title":"Lake Louise, Canada","image_url":"https://images.unsplash.com/photo-1448518340475-e3c680e9b4be?ixid=MnwxMjA3fDB8MHxwaG90by1wYWdlfHx8fGVufDB8fHx8&ixlib=rb-1.2.1&auto=format&fit=crop&w=1951&q=80"},{"title":"Seceda, Ortisei, Italy","image_url":"https://images.unsplash.com/photo-1615729947596-a598e5de0ab3?ixid=MnwxMjA3fDB8MHxwaG90by1wYWdlfHx8fGVufDB8fHx8&ixlib=rb-1.2.1&auto=format&fit=crop&w=934&q=80"},{"title":"Pyrennées, Lescun, France","image_url":"https://images.unsplash.com/photo-1546697710-9877687facd0?ixid=MnwxMjA3fDB8MHxwaG90by1wYWdlfHx8fGVufDB8fHx8&ixlib=rb-1.2.1&auto=format&fit=crop&w=934&q=80"}]