[{"title":"Close to the heart of Africa","subtitle":"Lorem ipsum dolor sit amet, consectetur adipiscing elit, sed do eiusmod tempor incididunt ut labore.","image_url":"https://images.unsplash.com/photo-1489493585363-d69421e0edd3?ixid=MnwxMjA3fDB8MHxwaG90by1wYWdlfHx8fGVufDB8fHx8&ixlib=rb-1.2.1&auto=format&fit=crop&w=1950&q=80"},{"title":"10 destinations with amazing views in East Europe","subtitle":"Lorem ipsum dolor sit amet, consectetur adipiscing elit, sed do eiusmod tempor incididunt ut labore.","image_url":"https://images.unsplash.com/photo-1507525428034-b723cf961d3e?ixid=MnwxMjA3fDB8MHxzZWFyY2h8NjR8fHRyYXZlbHxlbnwwfHwwfHw%3D&ixlib=rb-1.2.1&auto=format&fit=crop&w=800&q=60"},{"title":"The waterfall in Multnomah Falls, United States","subtitle":"Lorem ipsum dolor sit amet, consectetur adipiscing elit, sed do eiusmod tempor incididunt ut labore.","image_url":"https://images.unsplash.com/photo-1487734092093-e5b02908580e?ixlib=rb-1.2.1&ixid=MnwxMjA3fDB8MHxwaG90by1wYWdlfHx8fGVufDB8fHx8&auto=format&fit=crop&w=934&q=80"}]