[{"image_url":"https://images.unsplash.com/photo-1543649766-9f61bf201839?ixid=MnwxMjA3fDB8MHxwaG90by1wYWdlfHx8fGVufDB8fHx8&ixlib=rb-1.2.1&auto=format&fit=crop&w=2380&q=80"},{"image_url":"https://images.unsplash.com/photo-1523293836414-f04e712e1f3b?ixlib=rb-1.2.1&ixid=MnwxMjA3fDB8MHxzZWFyY2h8MjUzfHxuYXR1cmV8ZW58MHx8MHx8&auto=format&fit=crop&w=800&q=60"},{"image_url":"https://images.unsplash.com/photo-1542039320212-6d0b212eb5ad?ixid=MnwxMjA3fDB8MHxzZWFyY2h8MjYwfHxuYXR1cmV8ZW58MHx8MHx8&ixlib=rb-1.2.1&auto=format&fit=crop&w=800&q=60"},{"image_url":"https://images.unsplash.com/photo-1591543620767-582b2e76369e?ixid=MnwxMjA3fDB8MHxzZWFyY2h8MjU4fHxuYXR1cmV8ZW58MHx8MHx8&ixlib=rb-1.2.1&auto=format&fit=crop&w=800&q=60"},{"image_url":"https://images.unsplash.com/photo-1588249888625-8ac37a9f264d?ixid=MnwxMjA3fDB8MHxzZWFyY2h8MjY3fHxuYXR1cmV8ZW58MHx8MHx8&ixlib=rb-1.2.1&auto=format&fit=crop&w=800&q=60"},{"image_url":"https://images.unsplash.com/photo-1584098731294-e1e5453c8039?ixid=MnwxMjA3fDB8MHxzZWFyY2h8MjcyfHxuYXR1cmV8ZW58MHx8MHx8&ixlib=rb-1.2.1&auto=format&fit=crop&w=800&q=60"},{"image_url":"https://images.unsplash.com/photo-1501785888041-af3ef285b470?ixid=MnwxMjA3fDB8MHxzZWFyY2h8MjczfHxuYXR1cmV8ZW58MHx8MHx8&ixlib=rb-1.2.1&auto=format&fit=crop&w=800&q=60"},{"image_url":"https://images.unsplash.com/photo-1578318099756-6e3134cbfad0?ixid=MnwxMjA3fDB8MHxzZWFyY2h8MjgxfHxuYXR1cmV8ZW58MHx8MHx8&ixlib=rb-1.2.1&auto=format&fit=crop&w=800&q=60"},{"image_url":"https://images.unsplash.com/photo-1476514525535-07fb3b4ae5f1?ixid=MnwxMjA3fDB8MHxzZWFyY2h8Mjg1fHxuYXR1cmV8ZW58MHx8MHx8&ixlib=rb-1.2.1&auto=format&fit=crop&w=800&q=60"},{"image_url":"https://images.unsplash.com/photo-1613868177997-33e15062430a?ixid=MnwxMjA3fDB8MHxzZWFyY2h8MjkwfHxuYXR1cmV8ZW58MHx8MHx8&ixlib=rb-1.2.1&auto=format&fit=crop&w=800&q=60"}]