[{"title":"Siargao island, Philippines is where you can touch the nature","subtitle":"Lorem ipsum dolor sit amet, consectetur adipiscing elit, sed do eiusmod tempor incididunt ut labore.","image_url":"https://images.unsplash.com/photo-1552733407-5d5c46c3bb3b?ixid=MnwxMjA3fDB8MHxwaG90by1wYWdlfHx8fGVufDB8fHx8&ixlib=rb-1.2.1&auto=format&fit=crop&w=1014&q=80"},{"title":"The beauty of the Middle East","subtitle":"Lorem ipsum dolor sit amet, consectetur adipiscing elit, sed do eiusmod tempor incididunt ut labore.","image_url":"https://images.unsplash.com/photo-1588805025268-edb113ce8041?ixid=MnwxMjA3fDB8MHxwaG90by1wYWdlfHx8fGVufDB8fHx8&ixlib=rb-1.2.1&auto=format&fit=crop&w=934&q=80"},{"title":"The simplicity of country Italy or the formula of happy life","subtitle":"Lorem ipsum dolor sit amet, consectetur adipiscing elit, sed do eiusmod tempor incididunt ut labore.","image_url":"https://images.unsplash.com/photo-1516483638261-f4dbaf036963?ixlib=rb-1.2.1&ixid=MnwxMjA3fDB8MHxwaG90by1wYWdlfHx8fGVufDB8fHx8&auto=format&fit=crop&w=933&q=80"}]