[{"image_url":"https://images.unsplash.com/photo-1518495973542-4542c06a5843?ixid=MnwxMjA3fDB8MHxwaG90by1wYWdlfHx8fGVufDB8fHx8&ixlib=rb-1.2.1&auto=format&fit=crop&w=934&q=80"},{"image_url":"https://images.unsplash.com/photo-1509316975850-ff9c5deb0cd9?ixid=MnwxMjA3fDB8MHxzZWFyY2h8NjN8fG5hdHVyZXxlbnwwfHwwfHw%3D&ixlib=rb-1.2.1&auto=format&fit=crop&w=800&q=60"},{"image_url":"https://images.unsplash.com/photo-1446292532430-3e76f6ab6444?ixid=MnwxMjA3fDB8MHxzZWFyY2h8NjZ8fG5hdHVyZXxlbnwwfHwwfHw%3D&ixlib=rb-1.2.1&auto=format&fit=crop&w=800&q=60"},{"image_url":"https://images.unsplash.com/photo-1543716091-a840c05249ec?ixid=MnwxMjA3fDB8MHxzZWFyY2h8NzV8fG5hdHVyZXxlbnwwfHwwfHw%3D&ixlib=rb-1.2.1&auto=format&fit=crop&w=800&q=60"},{"image_url":"https://images.unsplash.com/photo-1544550581-1bcabf842b77?ixid=MnwxMjA3fDB8MHxzZWFyY2h8ODJ8fG5hdHVyZXxlbnwwfHwwfHw%3D&ixlib=rb-1.2.1&auto=format&fit=crop&w=800&q=60"},{"image_url":"https://images.unsplash.com/photo-1547558902-0a66a7526661?ixid=MnwxMjA3fDB8MHxzZWFyY2h8OTl8fG5hdHVyZXxlbnwwfHwwfHw%3D&ixlib=rb-1.2.1&auto=format&fit=crop&w=800&q=60"},{"image_url":"https://images.unsplash.com/photo-1587901227573-9b382249c4bc?ixid=MnwxMjA3fDB8MHxzZWFyY2h8MTE5fHxuYXR1cmV8ZW58MHx8MHx8&ixlib=rb-1.2.1&auto=format&fit=crop&w=800&q=60"},{"image_url":"https://images.unsplash.com/photo-1580452356610-d8428b35410d?ixid=MnwxMjA3fDB8MHxzZWFyY2h8MTI5fHxuYXR1cmV8ZW58MHx8MHx8&ixlib=rb-1.2.1&auto=format&fit=crop&w=800&q=60"},{"image_url":"https://images.unsplash.com/photo-1612712191426-54db4d88cbec?ixid=MnwxMjA3fDB8MHxzZWFyY2h8MTM3fHxuYXR1cmV8ZW58MHx8MHx8&ixlib=rb-1.2.1&auto=format&fit=crop&w=800&q=60"},{"image_url":"https://images.unsplash.com/photo-1499002238440-d264edd596ec?ixid=MnwxMjA3fDB8MHxzZWFyY2h8MTQ2fHxuYXR1cmV8ZW58MHx8MHx8&ixlib=rb-1.2.1&auto=format&fit=crop&w=800&q=60"}]