[{"title":"Thinking about your summer holidays?","subtitle":"Lorem ipsum dolor sit amet, consectetur adipiscing elit, sed do eiusmod tempor incididunt ut labore.","image_url":"https://images.unsplash.com/photo-1573187155497-089dd6cbc7fa?ixid=MnwxMjA3fDB8MHxwaG90by1wYWdlfHx8fGVufDB8fHx8&ixlib=rb-1.2.1&auto=format&fit=crop&w=1951&q=80"},{"title":"Victoria Harbour - the lights of Hong Kong","subtitle":"Lorem ipsum dolor sit amet, consectetur adipiscing elit, sed do eiusmod tempor incididunt ut labore.","image_url":"https://images.unsplash.com/photo-1623144215111-813fdd5b6338?ixid=MnwxMjA3fDB8MHxwaG90by1wYWdlfHx8fGVufDB8fHx8&ixlib=rb-1.2.1&auto=format&fit=crop&w=2003&q=80"},{"title":"The mighty Italian Alps","subtitle":"Lorem ipsum dolor sit amet, consectetur adipiscing elit, sed do eiusmod tempor incididunt ut labore.","image_url":"https://images.unsplash.com/photo-1505765050516-f72dcac9c60e?ixid=MnwxMjA3fDB8MHxwaG90by1wYWdlfHx8fGVufDB8fHx8&ixlib=rb-1.2.1&auto=format&fit=crop&w=1950&q=80"}]