[{"title":"China from another angle","subtitle":"Lorem ipsum dolor sit amet, consectetur adipiscing elit, sed do eiusmod tempor incididunt ut labore.","image_url":"https://images.unsplash.com/photo-1501854140801-50d01698950b?ixid=MnwxMjA3fDB8MHxwaG90by1wYWdlfHx8fGVufDB8fHx8&ixlib=rb-1.2.1&auto=format&fit=crop&w=2280&q=80"},{"title":"Why South America should be your next travel destination?","subtitle":"Lorem ipsum dolor sit amet, consectetur adipiscing elit, sed do eiusmod tempor incididunt ut labore.","image_url":"https://images.unsplash.com/photo-1442850473887-0fb77cd0b337?ixid=MnwxMjA3fDB8MHxwaG90by1wYWdlfHx8fGVufDB8fHx8&ixlib=rb-1.2.1&auto=format&fit=crop&w=1950&q=80"},{"title":"Traveling alone? Why not!","subtitle":"Lorem ipsum dolor sit amet, consectetur adipiscing elit, sed do eiusmod tempor incididunt ut labore.","image_url":"https://images.unsplash.com/photo-1508672019048-805c876b67e2?ixid=MnwxMjA3fDB8MHxwaG90by1wYWdlfHx8fGVufDB8fHx8&ixlib=rb-1.2.1&auto=format&fit=crop&w=1993&q=80"}]