[{"title":"Hong Kong - between the business and faith","subtitle":"Lorem ipsum dolor sit amet, consectetur adipiscing elit, sed do eiusmod tempor incididunt ut labore.","image_url":"https://images.unsplash.com/photo-1513415564515-763d91423bdd?ixid=MnwxMjA3fDB8MHxwaG90by1wYWdlfHx8fGVufDB8fHx8&ixlib=rb-1.2.1&auto=format&fit=crop&w=975&q=80"},{"title":"Traveling alone? Why not!","subtitle":"Lorem ipsum dolor sit amet, consectetur adipiscing elit, sed do eiusmod tempor incididunt ut labore.","image_url":"https://images.unsplash.com/photo-1508672019048-805c876b67e2?ixid=MnwxMjA3fDB8MHxwaG90by1wYWdlfHx8fGVufDB8fHx8&ixlib=rb-1.2.1&auto=format&fit=crop&w=1993&q=80"},{"title":"10 destinations with amazing views in East Europe","subtitle":"Lorem ipsum dolor sit amet, consectetur adipiscing elit, sed do eiusmod tempor incididunt ut labore.","image_url":"https://images.unsplash.com/photo-1465189684280-6a8fa9b19a7a?ixid=MnwxMjA3fDB8MHxwaG90by1wYWdlfHx8fGVufDB8fHx8&ixlib=rb-1.2.1&auto=format&fit=crop&w=1950&q=80"},{"title":"Close to the heart of Africa","subtitle":"Lorem ipsum dolor sit amet, consectetur adipiscing elit, sed do eiusmod tempor incididunt ut labore.","image_url":"https://images.unsplash.com/photo-1507525428034-b723cf961d3e?ixid=MnwxMjA3fDB8MHxzZWFyY2h8NjR8fHRyYXZlbHxlbnwwfHwwfHw%3D&ixlib=rb-1.2.1&auto=format&fit=crop&w=800&q=60"},{"title":"The perfect summer is in Oia, Greece","subtitle":"Lorem ipsum dolor sit amet, consectetur adipiscing elit, sed do eiusmod tempor incididunt ut labore.","image_url":"https://images.unsplash.com/photo-1533105079780-92b9be482077?ixlib=rb-1.2.1&ixid=MnwxMjA3fDB8MHxwaG90by1wYWdlfHx8fGVufDB8fHx8&auto=format&fit=crop&w=934&q=80"},{"title":"10 great destinations in South Germany","subtitle":"Lorem ipsum dolor sit amet, consectetur adipiscing elit, sed do eiusmod tempor incididunt ut labore.","image_url":"https://images.unsplash.com/photo-1500673922987-e212871fec22?ixid=MnwxMjA3fDB8MHxwaG90by1wYWdlfHx8fGVufDB8fHx8&ixlib=rb-1.2.1&auto=format&fit=crop&w=1950&q=80"},{"title":"10 great destinations in South Germany","subtitle":"Lorem ipsum dolor sit amet, consectetur adipiscing elit, sed do eiusmod tempor incididunt ut labore.","image_url":"https://images.unsplash.com/photo-1418854982207-12f710b74003?ixid=MnwxMjA3fDB8MHxzZWFyY2h8Njl8fHRyYXZlbHxlbnwwfHwwfHw%3D&ixlib=rb-1.2.1&auto=format&fit=crop&w=800&q=60"},{"title":"The hidden gems of Italy","subtitle":"Lorem ipsum dolor sit amet, consectetur adipiscing elit, sed do eiusmod tempor incididunt ut labore.","image_url":"https://images.unsplash.com/photo-1516483638261-f4dbaf036963?ixlib=rb-1.2.1&ixid=MnwxMjA3fDB8MHxwaG90by1wYWdlfHx8fGVufDB8fHx8&auto=format&fit=crop&w=933&q=80"}]